{"cameraMode":{"drawMode":0,"name":"Shaded","section":"Shading Mode"},"sceneLighting":true,"audioPlay":false,"sceneViewState":{"showFog":true,"showMaterialUpdate":false,"showSkybox":true,"showFlares":true,"showImageEffects":true,"showParticleSystems":true},"in2DMode":false,"pivot":{"x":0.3585394620895386,"y":-0.3658234477043152,"z":0.03562694787979126},"rotation":{"x":-0.10480179637670517,"y":0.8910964131355286,"z":-0.35416990518569949,"w":-0.26368314027786257},"size":4.506307125091553,"orthographic":false}