{"cameraMode":{"drawMode":0,"name":"Shaded","section":"Shading Mode"},"sceneLighting":true,"audioPlay":false,"sceneViewState":{"showFog":true,"showMaterialUpdate":false,"showSkybox":true,"showFlares":true,"showImageEffects":true,"showParticleSystems":true},"in2DMode":false,"pivot":{"x":-1.6459133625030518,"y":14.543498992919922,"z":2.5179195404052736},"rotation":{"x":-0.0011477271327748895,"y":0.9731919765472412,"z":0.2301175594329834,"w":0.004991220310330391},"size":16.37318992614746,"orthographic":false}