{"cameraMode":{"drawMode":0,"name":"Shaded","section":"Shading Mode"},"sceneLighting":true,"audioPlay":false,"sceneViewState":{"showFog":true,"showMaterialUpdate":false,"showSkybox":true,"showFlares":true,"showImageEffects":true,"showParticleSystems":true},"in2DMode":false,"pivot":{"x":-2.0104472637176515,"y":0.18668842315673829,"z":40.1867561340332},"rotation":{"x":-0.06175357103347778,"y":0.02336503565311432,"z":-0.0014444718835875393,"w":-0.997820258140564},"size":51.887577056884769,"orthographic":false}