{"cameraMode":{"drawMode":0,"name":"Shaded","section":"Shading Mode"},"sceneLighting":true,"audioPlay":false,"sceneViewState":{"showFog":true,"showMaterialUpdate":false,"showSkybox":true,"showFlares":true,"showImageEffects":true,"showParticleSystems":true},"in2DMode":false,"pivot":{"x":-11.28217887878418,"y":-0.7762361764907837,"z":17.174577713012697},"rotation":{"x":0.03981082886457443,"y":-0.2185402810573578,"z":0.008922242559492588,"w":0.9749778509140015},"size":18.20537757873535,"orthographic":false}