{"cameraMode":{"drawMode":0,"name":"Shaded","section":"Shading Mode"},"sceneLighting":true,"audioPlay":false,"sceneViewState":{"showFog":true,"showMaterialUpdate":false,"showSkybox":true,"showFlares":true,"showImageEffects":true,"showParticleSystems":true},"in2DMode":false,"pivot":{"x":-19.56451988220215,"y":2.3383126258850099,"z":5.506533622741699},"rotation":{"x":0.03683700039982796,"y":-0.6159954071044922,"z":0.02885463275015354,"w":0.7863625884056091},"size":31.855091094970704,"orthographic":false}